ticker,name,sector,dividend_yield,revenue,net_income,gross_margin,operating_margin,net_margin,total_debt,debt_to_equity,revenue_growth,earnings_growth,pe,forward_pe,ev_ebitda,ps,source
AAPL,Apple Inc.,Technology,0.33204730755381956,466823000000.0,128930000000.0,0.4865291555900202,0.3317295848747812,0.27618604910212224,84297000000.0,78.40122767857143,0.16356501765281384,0.27118716394981646,35.79439709466502,,27.74322672446943,9.885913113568014,SEC EDGAR
ABNB,"Airbnb, Inc.",Industrials,,13159000000.0,2691277000.0,0.8290143627935254,0.2080705220761456,0.20451987233072422,2476000000.0,31.747659956404668,0.1653746770025839,0.2710280373831775,32.857182531775194,,30.52006520238416,6.7199467765459655,SEC EDGAR
ADBE,Adobe Inc.,Technology,,25970000000.0,7284000000.0,0.8925298421255294,0.3569888332691567,0.28047747400847134,4766000000.0,40.51343080584835,0.12892451569806274,0.031038374717832884,11.896674577774812,,8.674143431753684,3.3367492346750764,SEC EDGAR
ADI,Analog Devices Inc,Technology,1.0618839153669846,13881744000.0,4135004000.0,0.6579962143085192,0.355494669833992,0.2978735236725299,9121583000.0,27.187299940147653,0.3963239858517096,1.5844618701761557,46.129183125512554,,28.62776743903597,13.740662321731833,SEC EDGAR
ADP,"Automatic Data Processing, Inc.",Technology,2.7519894038435098,21947400000.0,4413500000.0,0.46416432014726117,,0.2010944348761129,4964100000.0,82.30700358137683,0.06743381855852615,0.08181974164767025,21.717809606529997,,,4.367330649572165,SEC EDGAR
ADSK,"Autodesk, Inc.",Technology,,7790000000.0,1642000000.0,0.9124518613607189,0.262002567394095,0.21078305519897303,3494000000.0,103.2811114395507,0.1605218377765174,0.5718849840255591,26.548855287874805,,19.174496156418567,5.596048829613663,SEC EDGAR
AEP,"American Electric Power Company, Inc.",Utilities,2.8091145525179337,21992000000.0,3797000000.0,,0.24531647871953438,0.1726536922517279,51760000000.0,162.72635814889335,0.051500621559225745,0.12593516209476308,19.18052450558417,,14.25257471877329,3.3115883752138546,SEC EDGAR
ALAB,"Astera Labs, Inc.",Technology,,1201919000.0,369494000.0,0.7512943883905654,0.2275070117037837,0.3074200507688122,,,1.044548651817116,1.9888908412893653,196.00144733754297,,,60.254774891268134,SEC EDGAR
ALNY,"Alnylam Pharmaceuticals, Inc.",Healthcare,,4804182000.0,774711000.0,0.7979395868016658,0.20810556302821168,0.16125762929048068,677723000.0,50.049035608418166,0.6685619157051477,,54.02550778626928,,38.712270361626096,8.712025306828188,SEC EDGAR
AMAT,Applied Materials Inc /De,Technology,0.33635716548267136,30837000000.0,9267000000.0,0.49398449914064274,0.29642961377565913,0.30051561435937346,7743000000.0,30.215406228049634,0.2482881402355519,0.4266441821247893,50.411033720076475,,48.39315778692063,15.149302768879874,SEC EDGAR
AMD,Advanced Micro Devices Inc,Technology,,41305000000.0,6434000000.0,0.5320421256506476,0.15707541459871685,0.15576806681999758,3226000000.0,4.798881351898132,0.5011060507482108,1.6341743119266057,138.71723766487764,,127.07186576342171,21.607715945668147,SEC EDGAR
AMGN,Amgen Inc.,Healthcare,2.6951213166486228,38095000000.0,8743000000.0,0.6951568447302796,0.2999343745898412,0.22950518440740256,57304000000.0,490.280629705681,0.09532628826669565,0.6585195530726258,22.484800070718894,,14.907078047492407,5.160378186593918,SEC EDGAR
AMZN,Amazon Com Inc,Consumer Cyclical,,775680000000.0,135281000000.0,0.007130517739273927,0.12081270627062707,0.1744031043729373,133320000000.0,24.16881186323919,0.19620517346245125,2.448964985685972,19.69715505066494,,16.101625890457772,3.4352449881510463,SEC EDGAR
APP,AppLovin Corporation,Technology,,6829124000.0,4410201000.0,0.8846386447222221,0.774398004780701,0.645793076828009,3515072000.0,111.1303894763732,0.5282461863080474,0.5454424542817782,39.56633556480881,,32.26489991458877,25.55166558320736,SEC EDGAR
ARM,Arm Holdings Plc /Uk,Technology,,5156000000.0,1044000000.0,0.9753685027152832,0.17009309542280837,0.20248254460822343,,,0.2241215574548907,1.076923076923077,334.1683814920093,,303.07957079549317,67.6632642121136,SEC EDGAR
AVGO,Broadcom Inc.,Technology,0.6332427744908309,89104000000.0,38265000000.0,0.687702011133058,0.4804947028191776,0.4294420003591309,59419000000.0,59.603771692245964,0.8550025075225678,2.161352657004831,50.03921613024777,,37.9120257625181,21.488941071376495,SEC EDGAR
AXON,"Axon Enterprise, Inc.",Industrials,,3219099000.0,199298000.0,0.5940718194749525,0.007385296320492163,0.061911112395114286,1731817000.0,47.13020987406033,0.35278622905504253,-0.18523133150593907,237.23356747182612,,363.6098545989831,14.687394059642154,SEC EDGAR
BKNG,Booking Holdings Inc.,Industrials,5.492251461568881,28241000000.0,7209000000.0,0.4404589072624907,0.32874190007436,0.25526716476045463,20180000000.0,,0.0814945572227126,1.1787709497206702,18.294119651857933,,13.68323780519978,4.669888055318291,SEC EDGAR
BKR,Baker Hughes Company,Industrials,1.602649969578366,27725000000.0,3096000000.0,0.15985572587917043,0.11112714156898107,0.11166816952209198,27000000.0,0.13562386980108498,-0.024312590448625215,-0.02853067047075608,18.340102589971,,9.3856425904844,2.0480056850694397,SEC EDGAR
CDNS,"Cadence Design Systems, Inc.",Technology,,5528613000.0,1170969000.0,0.9867250610596184,0.2825032245881562,0.21180158567799917,,,0.18662294364140686,0.22692165699852684,90.90863085777211,,57.67288111349031,19.254592167492017,SEC EDGAR
CEG,Constellation Energy Corporation,Utilities,0.17009651059117795,24780000000.0,3465000000.0,,0.18547215496368039,0.13983050847457626,24700000000.0,77.243018419489,0.13214493315248976,-0.3885578069129917,25.638970896602764,,13.652998688049435,3.585110337236827,SEC EDGAR
CMCSA,Comcast Corporation,Communication Services,5.654315865603365,124904000000.0,11199000000.0,,0.14665663229360149,0.08966085954012681,,,-0.012304951670900288,-0.6829991908657735,4.300601975796507,,1.1884923272182957,0.3855956696898825,SEC EDGAR
COST,Costco Wholesale Corp /New,Consumer Defensive,0.5542350967034583,293587000000.0,8838000000.0,0.056082183475426366,0.03823398174987312,0.030103512757717475,5670000000.0,16.920827240442865,0.11584526540621787,0.1518654755648976,45.811589804858215,,28.39788474948056,1.3790897781418692,SEC EDGAR
CPRT,"Copart, Inc.",Consumer Cyclical,,4666209000.0,1484270000.0,0.9457375355454503,0.35416116166249734,0.3180890525906576,11006000.0,0.12098101688468935,0.004142710134242611,-0.043917062653910044,17.680706094232583,,12.936517154952885,5.624039050648309,SEC EDGAR
CRWD,"CrowdStrike Holdings, Inc.",Technology,,5396145000.0,46332000.0,0.7519002917823743,-0.02463870040556731,0.008586129542478936,746216000.0,14.626741862162673,0.2583040193267132,,4384.629767832119,,,37.64699918241591,SEC EDGAR
CRWV,"CoreWeave, Inc.",Technology,,7590000000.0,-1929000000.0,0.6741765480895916,-0.030434782608695653,-0.2541501976284585,24859000000.0,494.8049363057325,1.1245874587458746,,,,18.00087722210174,6.369999783280967,SEC EDGAR
CSCO,"Cisco Systems, Inc.",Technology,1.4030935966995304,63325000000.0,13267000000.0,0.645242795104619,0.24268456375838926,0.20950651401500198,22872000000.0,45.4847369991051,0.1177498499664631,0.3032416502946955,35.15847164537377,,30.003823955636907,7.365928832517549,SEC EDGAR
CSX,Csx Corporation,Industrials,1.0739615326998024,14512000000.0,3223000000.0,,0.3415104740904079,0.2220920617420066,9832000000.0,69.78989210675752,0.1010072747621713,0.20868516284680338,28.364763986130193,,15.16560277266227,6.2995889145050725,SEC EDGAR
CTAS,Cintas Corporation,Consumer Cyclical,1.0130001549150491,11264761000.0,1999968000.0,0.5066945494893322,0.2313863560886911,0.17754198247082206,1429086000.0,27.803840823737954,0.08941622975458552,0.10356396165936732,35.55363399367713,,23.160598517729117,6.312262663279449,SEC EDGAR
DASH,"Doordash, Inc.",Industrials,,15891000000.0,841000000.0,,0.04480523566798817,0.05292303819772198,,,0.35627283800243603,-0.29824561403508776,100.825481855685,,46.94522794429386,5.335990827552142,SEC EDGAR
DDOG,"Datadog, Inc.",Technology,,3966725000.0,177543000.0,0.7951226767673585,0.004116494085171016,0.044758081288720546,,,0.3564444336929702,15.833396297695504,,,,,SEC EDGAR
DXCM,"Dexcom, Inc.",Healthcare,,4969200000.0,999700000.0,0.6247283264911857,0.22923206954841827,0.2011792642678902,2900000.0,0.11062790875104905,0.1307579293060237,0.3854282536151279,27.563150738746597,,18.85175441385759,5.545134386525994,SEC EDGAR
EXC,Exelon Corporation,Utilities,3.4928847837256702,24786000000.0,2779000000.0,,0.21048172355361897,0.1121197450173485,48524000000.0,165.52618113593724,0.07864164432529042,0.012114537444933848,17.076788311933864,,10.694588540510125,1.914645151249262,SEC EDGAR
FANG,"Diamondback Energy, Inc.",Energy,2.2802197802197806,17102000000.0,1350000000.0,,0.06326745409893579,0.07893813589053912,11066000000.0,29.197889182058045,0.5122349102773247,1.69241773962804,37.75143129333333,,9.738758659601391,2.9800276134954977,SEC EDGAR
FAST,Fastenal Co,Consumer Cyclical,1.9848975842225103,8749400000.0,1352100000.0,0.4470135094977941,0.20288248337028825,0.15453631106132992,120000000.0,2.9492725127801807,0.1473825890496563,0.15894641235240692,39.336225691596525,,27.16622026787111,6.078875209455238,SEC EDGAR
FTNT,"Fortinet, Inc.",Technology,,7527400000.0,2120742685.0,0.8020432021680793,0.3244413741796636,0.2817364142997582,496900000.0,32.035329765972534,0.25638036809815956,0.37764144512610764,56.645690267193864,,45.24389085108487,15.959153661413911,SEC EDGAR
GEHC,Ge Healthcare Technologies Inc.,Healthcare,0.21638331777974468,20979000000.0,1909000000.0,0.39148672482005814,0.12626912626912626,0.09099575766242433,10141000000.0,95.05999250093738,0.0741050868746076,-0.31028368794326244,15.417232669450204,,11.501694564112341,1.402902767814502,SEC EDGAR
GILD,"Gilead Sciences, Inc.",Healthcare,2.3880154905456386,30457000000.0,-3240000000.0,0.7959089864398988,-0.08198443707522081,-0.10637948583248515,26246000000.0,221.87843435624313,0.10180739903981917,-6.355102040816327,,,,5.489560644822163,SEC EDGAR
GOOG,Alphabet Inc.,Technology,0.2386031954022831,445866000000.0,244205000000.0,0.6089654739316297,0.331103963971238,0.5477094014793682,100164000000.0,15.638895828128904,0.2423362508814868,2.979039580082281,17.840810305138742,,25.45956717997516,9.771579534134485,SEC EDGAR
GOOGL,Alphabet Inc.,Technology,0.23684136234123024,445866000000.0,244205000000.0,0.6089654739316297,0.331103963971238,0.5477094014793682,100164000000.0,15.638895828128904,0.2423362508814868,2.979039580082281,17.973525845705005,,25.647053360428025,9.844269083425043,SEC EDGAR
HON,Honeywell International Inc,Industrials,2.1573717838611843,38057000000.0,8213000000.0,0.27506109257166883,0.2207741020048874,0.21580786714664846,33988000000.0,183.35221448993903,0.04258742759064571,2.619108280254777,8.621786978432425,,9.814810592056562,1.8606494588082485,SEC EDGAR
IDXX,Idexx Laboratories Inc /De,Healthcare,,4553223000.0,1139656000.0,0.6244574447594594,0.320345170882252,0.25029654818136515,449864000.0,27.897245089375687,0.0965589473048527,0.15110429301776596,38.61439721655737,,27.444950795867086,9.665050333408425,SEC EDGAR
INTC,Intel Corp,Technology,0.3376577189520626,57032000000.0,-11289000000.0,0.38604643007434425,-0.001350119231308739,-0.19794150652265394,48549000000.0,55.45795161179776,0.25421883505715837,,,,49.04298200438302,9.953215118142795,SEC EDGAR
INTU,Intuit Inc.,Technology,1.7557977592609872,21448000000.0,4566000000.0,,0.2743379336068631,0.2128869824692279,7669000000.0,40.3801600673968,0.13897297010249066,0.18014990953734822,16.000214407547805,,11.595634378411116,3.4062373640835175,SEC EDGAR
ISRG,"Intuitive Surgical, Inc.",Healthcare,,11034400000.0,3138800000.0,0.6667875009062568,0.3127673457550932,0.28445588341912564,,,0.18536885245901646,0.24255771567436213,46.32075067746398,,35.207141643568306,13.176210054595078,SEC EDGAR
KDP,Keurig Dr Pepper Inc.,Consumer Defensive,2.994791733605479,20090000000.0,1427000000.0,0.49392732702837233,0.16226978596316574,0.07103036336485814,24817000000.0,99.14109939277725,0.7557050204179678,-0.740402193784278,29.295427437249412,,16.071235485794844,2.0808648557966607,SEC EDGAR
KHC,Kraft Heinz Co,Consumer Defensive,6.482982091634963,24900000000.0,-3396000000.0,0.3336947791164659,-0.12759036144578315,-0.1363855421686747,13636000000.0,37.87146586679998,-0.01416876574307302,,,,,1.1753466148323168,SEC EDGAR
KLAC,KLA Corporation,Technology,0.3485534964744632,13579476000.0,4830771000.0,0.6130145227989652,0.046531029621466984,0.3557406044239115,5887415000.0,92.71782507220678,0.1170858038910636,0.18936376239861552,62.07676232558532,,296.4543339552565,22.083224950383222,SEC EDGAR
LIN,Linde plc,Basic Materials,1.1796940461224454,35449000000.0,7244000000.0,,0.26454907049564164,0.20434991113994752,32544000000.0,83.27320181162202,0.09346674514420239,0.0917327293318233,33.444607032142486,,20.443742584324784,6.834402475128781,SEC EDGAR
LITE,Lumentum Holdings Inc.,Technology,,3014000000.0,-6935100000.0,0.4166887856668879,0.1741207697412077,-2.3009621765096218,3234300000.0,69.64620254527445,0.8322188449848025,-268.7644787644788,,,90.80751393887384,23.385391755790685,SEC EDGAR
LRCX,Lam Research Corporation,Industrials,0.29447573702709184,23232690000.0,7265396000.0,0.5046900724797688,0.35294212594408997,0.3127229778385542,3722061000.0,29.845919158657168,0.26020858240997,0.35593537925022445,60.82656119121463,,50.92642524070444,19.021863347395673,SEC EDGAR
MAR,Marriott International Inc /Md/,Consumer Cyclical,0.7526180533792882,26904000000.0,2587000000.0,,0.157969075230449,0.0961567053226286,23000000.0,,0.048487544483985845,0.003931847968545288,37.54449926929966,,20.537089976567167,3.6101553527236927,SEC EDGAR
MCHP,Microchip Technology Incorporated,Technology,2.062089231757332,5122300000.0,478400000.0,0.601936630029479,0.1551646721199461,0.093395544970033,5361300000.0,83.10804526430012,0.3804741980474198,,100.17965766649606,,36.07195225396456,9.356333722673742,SEC EDGAR
MDLZ,"Mondelez International, Inc.",Consumer Defensive,3.379073800652294,39304000000.0,2609000000.0,0.2877060858945654,0.09352737634846327,0.06638001221249745,15875000000.0,61.6504854368932,0.08235799420165368,0.39303482587064686,28.684086001706763,,17.629285647823657,1.9040499790976222,SEC EDGAR
MELI,"MercadoLibre, Inc.",Industrials,0.03318896215822246,24461000000.0,1863000000.0,0.6137933853889865,0.118842238665631,0.07616205388168922,10626000000.0,135.63952004084757,0.46887362065375804,-0.10898661567877632,49.19548971109672,,25.34126344598489,3.746829538112636,SEC EDGAR
META,"Meta Platforms, Inc.",Technology,0.33255211011458546,228247000000.0,68098000000.0,0.817474052232888,0.3808418073402936,0.2983522236874964,83664000000.0,32.028052874768875,0.27959003283104633,-0.13573648906582325,23.78551719437199,,15.393262048263589,7.0964619464980645,SEC EDGAR
MNST,Monster Beverage Corp,Consumer Defensive,,9218957000.0,2127670000.0,0.5554644630623616,0.2916152011556188,0.23079291941593827,199059000.0,2.1257566625388664,0.2016865939601049,0.19588210984586563,44.44919884022229,,32.962899021998,10.258560366034438,SEC EDGAR
MPWR,"Monolithic Power Systems, Inc.",Technology,0.5181460250995102,3273158000.0,801946000.0,0.551953190160695,0.28723483559302665,0.24500680993706994,,,0.4755948923671405,0.9057840588405217,84.20625681773592,,66.50452955262222,20.631106359655128,SEC EDGAR
MRVL,"Marvell Technology, Inc",Technology,0.09865581279441317,9450300000.0,2639900000.0,0.5221104091933589,0.1652116864014899,0.2793456292392834,4962900000.0,26.78074208379201,0.3654852699267235,0.5811088295687885,80.80740435111974,,120.22073289204769,22.573195215656753,SEC EDGAR
MSFT,Microsoft Corporation,Technology,0.9470288632336692,331839000000.0,133749000000.0,0.6794409337058032,0.4678081840892722,0.4030538905915218,40294000000.0,9.108314665666034,0.17788686799846665,0.3134279990572708,21.33909454387039,,14.793481963519417,8.600805077607276,SEC EDGAR
MSTR,Strategy Inc,Financial Services,,498347000.0,-30413927000.0,0.6760088853750499,-72.95384942620302,-61.02961791683305,6709928000.0,21.724758409028684,0.06882817413178666,-1.820252900802986,,,,64.67399129618833,SEC EDGAR
MU,"Micron Technology, Inc.",Technology,0.04991730796336315,90274000000.0,50469000000.0,0.7256906750559408,0.6562576157033033,0.5590646254735583,8844000000.0,8.780429689051267,3.457155144608107,13.983023872679045,22.190878376854805,,16.171952424788074,12.406135108685614,SEC EDGAR
NBIS,Nebius Group N.V.,Technology,,529800000.0,82500000.0,0.6862967157417894,-1.154586636466591,0.15571913929784825,4103200000.0,89.31649978232478,4.7901639344262295,,663.0577982794362,,,103.25078965280008,SEC EDGAR
NFLX,Netflix Inc,Communication Services,,48370764000.0,13649441000.0,0.021386141430389645,0.2967601876207703,0.2821836967470681,14309306000.0,47.457154823160955,0.13365374252899542,0.0883086491289311,23.023106399057234,,21.6924087191455,6.496745274287051,SEC EDGAR
NVDA,Nvidia Corp,Technology,0.13808067939912966,302970000000.0,192880000000.0,0.7467439020365053,0.652140475954715,0.6366306895072119,33366000000.0,14.571323760612096,1.0585114348672526,1.2590265687684505,25.33698657497436,,24.33556075333665,16.1303032332609,SEC EDGAR
NXPI,NXP Semiconductors N.V.,Technology,1.3960211608422533,12615000000.0,2653000000.0,0.5504558065794689,0.3035275465715418,0.21030519223147048,11040000000.0,101.03413562734511,0.12204585537918877,1.2897959183673469,27.649057463251278,,17.42279193478852,5.814740344828034,SEC EDGAR
ODFL,"Old Dominion Freight Line, Inc.",Industrials,0.5047597826840416,5602507000.0,1089276000.0,,0.2584087802121443,0.1944265308369985,19997000.0,0.43975043058025853,0.10391241464946255,0.3051640570905274,42.99323068194321,,25.63389132921458,8.359024690965022,SEC EDGAR
ORLY,O Reilly Automotive Inc,Consumer Cyclical,,18572562000.0,2650374000.0,0.5163568171154846,0.19555891104307527,0.142703736835015,7014543000.0,,0.08109398818755476,0.0695024641225257,25.98076529460264,,18.133273130656743,3.7075522933732663,SEC EDGAR
PANW,"Palo Alto Networks, Inc",Technology,,11480000000.0,307000000.0,0.7035714285714286,0.06054006968641115,0.026742160278745646,1991500000.0,7.24392550560163,0.2449842750244009,-0.7292768959435626,901.425335514429,,178.20327613092238,24.106060801648926,SEC EDGAR
PAYX,"Paychex, Inc.",Industrials,4.2725389692534534,6389400000.0,1805900000.0,0.7353742135411776,0.40501455535731057,0.2826399974958525,4558000000.0,123.00634192416678,0.059166443312784756,0.11959353830119857,20.946057822380165,,13.785867505175473,5.9201937304655115,SEC EDGAR
PCAR,PACCAR Inc,Consumer Cyclical,2.222582760489242,27815800000.0,2504200000.0,0.1998863955018371,,0.09002796971505403,,,0.004819918780374133,0.03896103896103886,25.912575179021108,,,2.332856533455973,SEC EDGAR
PDD,PDD Holdings Inc.,Industrials,,61753116000.0,13991297000.0,0.23265978999343126,0.21559119381117545,0.22656827551827508,,,0.14452312435377102,-0.09167853412712879,34.94780626759188,,35.32928206832685,7.918064199195056,SEC EDGAR
PEP,"PepsiCo, Inc.",Consumer Defensive,4.169084560100048,96904000000.0,10451000000.0,0.5395649302402378,0.14820853628333197,0.1078490052010237,46351000000.0,209.75201375690108,0.06402358532077801,1.3602533650039588,18.004396805946197,,12.486161740378805,1.9417562847657857,SEC EDGAR
PLTR,Palantir Technologies Inc.,Technology,,6155941000.0,3016692000.0,0.8479613433592037,0.4279852584682017,0.49004563234118065,0.0,0.0,0.928334945705726,2.2500834029633303,102.78471012197092,,115.69003795017282,50.36919826672619,SEC EDGAR
PYPL,"PayPal Holdings, Inc.",Industrials,0.30891438866445703,33734000000.0,5059000000.0,,0.17854390229442105,0.1499673919487757,10876000000.0,54.31482221334398,0.07213451418303163,-0.13519813519813517,7.902158662495111,,6.286863543998104,1.1850661253798176,SEC EDGAR
QCOM,Qualcomm Inc/De,Technology,1.8784992876011462,44069000000.0,9260000000.0,0.5422632689645783,0.23190905171435702,0.21012503120107104,13279000000.0,48.01142526574589,-0.04032802701398941,-0.24906226556639155,21.67014045797723,,17.757271316956597,4.553438939864058,SEC EDGAR
REGN,"Regeneron Pharmaceuticals, Inc.",Healthcare,0.6031169254344162,15534700000.0,4328700000.0,0.9740709508390892,0.24738810533837152,0.27864715765351117,1986600000.0,6.2646240784071345,0.16734682772880616,-0.06805116412762291,14.497959403842485,,14.248030942519607,4.039815179656702,SEC EDGAR
RKLB,Rocket Lab Corp,Industrials,,769146000.0,-165459000.0,0.37264056499026194,-0.290574221279185,-0.21512040626877083,13129000.0,0.3759571817156923,0.6198563301914213,,,,,64.21906129021117,SEC EDGAR
ROP,"Roper Technologies, Inc.",Technology,1.0001685608759403,8280300000.0,2504000000.0,0.6952525874666377,0.2796517034406966,0.30240450225233384,11319400000.0,60.530579723319946,0.08504836386087677,2.0888183980967487,14.058617145773647,,14.25487255497752,4.251389120323807,SEC EDGAR
ROST,"Ross Stores, Inc.",Consumer Cyclical,0.7524931795428202,24511798000.0,2659063000.0,0.2966845190222276,0.13749529920244938,0.1084809445639198,1018512000.0,15.104318672010136,0.13306452779739097,0.6758019271843227,26.502327329509317,,17.186703365408473,2.8749975018473566,SEC EDGAR
SBUX,Starbucks Corporation,Consumer Cyclical,2.3306079453534334,38338300000.0,1982800000.0,0.776377669328061,0.07766385050980351,0.05171851647047469,13278600000.0,,-0.014096869712351912,0.8722908830377933,61.17984878697029,,28.235946035959067,3.164131017150074,SEC EDGAR
SHOP,Shopify Inc.,Technology,,13269000000.0,1928000000.0,0.4776546838495742,0.13897053282086066,0.14530107769990203,,,0.33694029850746277,0.6578366445916115,,,,,SEC EDGAR
SNDK,Sandisk Corporation,Technology,,20248000000.0,11433000000.0,0.7147372580007902,0.61186290003951,0.5646483603318846,0.0,0.0,1.7529571719918424,,23.798306642877296,,21.32110702249291,13.437674824576062,SEC EDGAR
SNPS,Synopsys Inc,Technology,,9416465000.0,1076559000.0,0.7237516414068337,0.08520777170626131,0.11432729798284176,10037360000.0,32.22003830891601,0.42367610736565364,1.2506381206470687,78.9236249952805,,34.971116434396095,9.023124792721493,SEC EDGAR
STX,Seagate Technology Holdings plc,Technology,0.33030366719044163,12195000000.0,3184000000.0,0.45576055760557604,0.33571135711357114,0.2610906109061091,3565000000.0,164.5131518227965,0.3405518302737167,1.1674608577263443,63.35867622904044,,46.589250598001094,16.542355482842538,SEC EDGAR
TER,"Teradyne, Inc.",Technology,0.13783597518952445,4464031000.0,1150220000.0,0.5924161368951066,0.3022642539892756,0.2576639812761157,0.0,0.0,1.0389630513794939,3.7789133874342875,49.30587806028412,,38.03401893128607,12.70434884132749,SEC EDGAR
TMUS,"T-Mobile Us, Inc.",Communication Services,2.2481816707365465,92189000000.0,10560000000.0,0.8731627417587782,0.19799542244736357,0.11454728872208181,86282000000.0,153.34932906780415,0.07850653038046573,0.00527622594661703,18.43451133942163,,8.513696575985442,2.1116232928472205,SEC EDGAR
TSLA,"Tesla, Inc.",Consumer Cyclical,,103619000000.0,3804000000.0,0.18851754987019756,0.04219303409606346,0.03671141392987772,7721000000.0,8.889221487945843,0.25515647226173543,-0.04948805460750849,422.10526940548147,,162.88121125340925,15.496081267127181,SEC EDGAR
TTWO,"Take-Two Interactive Software, Inc.",Technology,,6686500000.0,-320400000.0,0.5604127720032902,-0.02412323338069244,-0.04791744559934196,2519700000.0,69.82873295643498,0.020015959569091635,,,,1347.7339475296585,6.881909543638383,SEC EDGAR
TXN,Texas Instruments Incorporated,Technology,1.8020938067605143,19453000000.0,6052000000.0,0.5832519405747185,0.37289878167891843,0.31110882640209736,14052000000.0,78.03631920919642,0.22819244604316546,0.528957528957529,46.55722198393518,,31.160015725978635,14.484362691964,SEC EDGAR
VRTX,Vertex Pharmaceuticals Inc / Ma,Healthcare,,12587200000.0,4405200000.0,0.8599529680945722,0.379520465234524,0.3499745773484174,105000000.0,0.518572296386292,0.12453199311903407,0.06476909671797859,28.567000083083627,,23.964804121859498,9.997723780189398,SEC EDGAR
WBD,"Warner Bros. Discovery, Inc.",Communication Services,,36115000000.0,-3167000000.0,0.896774193548387,-0.03522082237297522,-0.08769209469749412,32023000000.0,97.518119252086,-0.11159804321239297,-0.9056962025316455,,,25.11544232047171,1.8513090722623264,SEC EDGAR
WDAY,"Workday, Inc.",Technology,,10155000000.0,1251000000.0,0.9843397341211226,0.1068439192516002,0.12319054652880354,2989000000.0,46.26934984520124,0.12819420783645663,1.7719298245614037,24.328376654145433,,24.971645727390197,2.997026016182761,SEC EDGAR
WDC,Western Digital Corporation,Technology,0.08649770963736743,12919000000.0,9424000000.0,0.4885053022679774,0.34468612121681247,0.7294682250948216,1052000000.0,11.868231046931408,0.3570378151260505,3.988883006881948,22.114886277383853,,43.057930463559536,16.132106840937027,SEC EDGAR
WMT,Walmart Inc.,Consumer Defensive,0.8822743143012768,728466000000.0,22076000000.0,0.24473757182902153,0.04431229460263073,0.030304777436421192,50411000000.0,51.315173354506406,0.05889046941678511,-0.0939368061485909,40.326402357268,,19.613021308320103,1.2220826482485776,SEC EDGAR
XEL,Xcel Energy Inc.,Utilities,2.9486207276426724,11611000000.0,2233000000.0,0.6680733786926191,0.24020325553354577,0.19231762983377831,39457000000.0,164.0146319158665,-0.011482939632545985,0.3198198198198199,22.10416514252759,,15.175804329241979,4.251020649665327,SEC EDGAR
